idx,arrival_ms,bytes,policer,shaper,delay_ms
0,0.000,1000,pass,sent,0.000
1,1.407,1000,pass,sent,0.000
2,2.426,1000,pass,sent,0.000
3,3.821,1000,pass,sent,0.000
4,3.968,1000,pass,sent,0.000
5,6.303,1000,pass,sent,0.000
6,6.402,1000,pass,sent,0.000
7,7.257,1000,pass,sent,0.000
8,7.723,1000,drop,sent,0.277
9,8.043,1000,pass,sent,1.957
10,8.538,1000,drop,sent,3.462
11,8.551,1000,drop,sent,5.449
12,9.292,1000,drop,sent,6.708
13,10.448,1000,pass,sent,7.552
14,11.463,1000,drop,sent,8.537
15,13.215,1000,pass,sent,8.785
16,16.128,1000,pass,sent,7.872
17,17.527,1000,pass,sent,8.473
18,18.123,1000,pass,sent,9.877
19,18.171,1000,drop,sent,11.829
20,18.238,1000,drop,sent,13.762
21,19.614,1000,drop,sent,14.386
22,19.776,1000,drop,sent,16.224
23,20.330,1000,pass,sent,17.670
24,20.435,1000,drop,sent,19.565
25,20.591,1000,drop,sent,21.409
26,20.690,1000,drop,sent,23.310
27,21.445,1000,drop,sent,24.555
28,22.036,1000,pass,sent,25.964
29,23.519,1000,drop,sent,26.481
30,23.649,1000,drop,sent,28.351
31,25.017,1000,pass,sent,28.983
32,25.408,1000,drop,sent,30.592
33,26.798,1000,pass,sent,31.202
34,28.429,1000,pass,sent,31.571
35,28.474,1000,drop,sent,33.526
36,31.079,1000,pass,sent,32.921
37,32.440,1000,pass,sent,33.560
38,32.978,1000,drop,sent,35.022
39,33.331,1000,drop,sent,36.669
40,33.351,1000,drop,sent,38.649
41,34.554,1000,pass,sent,39.446
42,35.169,1000,drop,sent,40.831
43,35.939,1000,drop,sent,42.061
44,36.610,1000,pass,sent,43.390
45,36.848,1000,drop,sent,45.152
46,37.783,1000,drop,sent,46.217
47,38.462,1000,pass,sent,47.538
48,38.947,1000,drop,sent,49.053
49,40.046,1000,pass,sent,49.954
50,40.584,1000,drop,sent,51.416
51,41.154,1000,drop,sent,52.846
52,41.250,1000,drop,sent,54.750
53,41.328,1000,drop,sent,56.672
54,43.045,1000,pass,sent,56.955
55,43.694,1000,drop,sent,58.306
56,44.280,1000,pass,sent,59.720
57,49.673,1000,pass,sent,56.327
58,50.576,1000,pass,sent,57.424
59,51.542,1000,pass,sent,58.458
60,52.401,1000,pass,sent,59.599
61,54.377,1000,pass,sent,59.623
62,55.022,1000,drop,sent,60.978
63,56.758,1000,pass,sent,61.242
64,57.435,1000,drop,sent,62.565
65,58.023,1000,pass,sent,63.977
66,58.394,1000,drop,sent,65.606
67,58.747,1000,drop,sent,67.253
68,59.487,1000,drop,sent,68.513
69,59.941,1000,drop,sent,70.059
70,61.384,1000,pass,sent,70.616
71,61.748,1000,drop,sent,72.252
72,62.907,1000,pass,sent,73.093
73,64.213,1000,pass,sent,73.787
74,65.265,1000,drop,sent,74.735
75,66.959,1000,pass,sent,75.041
76,68.506,1000,pass,sent,75.494
77,69.562,1000,drop,sent,76.438
78,71.141,1000,pass,sent,76.859
79,71.656,1000,drop,sent,78.344
80,74.414,1000,pass,sent,77.586
81,74.842,1000,pass,sent,79.158
82,75.198,1000,drop,sent,80.802
83,76.538,1000,pass,sent,81.462
84,77.439,1000,drop,sent,82.561
85,77.874,1000,drop,sent,84.126
86,78.023,1000,pass,sent,85.977
87,79.003,1000,drop,sent,86.997
88,79.901,1000,drop,sent,88.099
89,80.638,1000,pass,sent,89.362
90,81.588,1000,drop,sent,90.412
91,81.649,1000,drop,sent,92.351
92,82.106,1000,pass,sent,93.894
93,83.435,1000,drop,sent,94.565
94,84.381,1000,pass,sent,95.619
95,84.885,1000,drop,sent,97.115
96,87.578,1000,pass,sent,96.422
97,88.928,1000,pass,sent,97.072
98,89.189,1000,drop,sent,98.811
99,89.942,1000,drop,sent,100.058
100,90.075,1000,pass,sent,101.925
101,91.623,1000,drop,sent,102.377
102,91.891,1000,drop,sent,104.109
103,91.988,1000,drop,sent,106.012
104,94.195,1000,pass,sent,105.805
105,94.833,1000,pass,sent,107.167
106,94.953,1000,drop,sent,109.047
107,96.132,1000,pass,sent,109.868
108,96.269,1000,drop,sent,111.731
109,97.542,1000,drop,sent,112.458
110,98.470,1000,pass,sent,113.530
111,98.910,1000,drop,sent,115.090
112,100.375,1000,pass,sent,115.625
113,103.022,1000,pass,sent,114.978
114,108.616,1000,pass,sent,111.384
115,109.111,1000,pass,sent,112.889
116,109.575,1000,pass,sent,114.425
117,111.361,1000,pass,sent,114.639
118,112.809,1000,pass,sent,115.191
119,113.884,1000,drop,sent,116.116
120,116.033,1000,pass,sent,115.967
121,116.101,1000,pass,sent,117.899
122,116.493,1000,drop,sent,119.507
123,116.840,1000,drop,sent,121.160
124,117.378,1000,drop,sent,122.622
125,117.553,1000,drop,sent,124.447
126,119.462,1000,pass,sent,124.538
127,120.127,1000,pass,sent,125.873
128,120.471,1000,drop,sent,127.529
129,122.180,1000,pass,sent,127.820
130,122.739,1000,drop,drop,-1.000
131,122.823,1000,drop,drop,-1.000
132,124.910,1000,pass,sent,127.090
133,126.480,1000,pass,sent,127.520
134,128.816,1000,pass,sent,127.184
135,130.746,1000,pass,sent,127.254
136,130.773,1000,drop,drop,-1.000
137,132.138,1000,pass,sent,127.862
138,132.211,1000,drop,drop,-1.000
139,132.442,1000,drop,drop,-1.000
140,133.436,1000,drop,drop,-1.000
141,134.021,1000,pass,sent,127.979
142,134.426,1000,drop,drop,-1.000
143,134.867,1000,drop,drop,-1.000
144,136.086,1000,pass,sent,127.914
145,136.499,1000,drop,drop,-1.000
146,137.856,1000,drop,drop,-1.000
147,138.035,1000,pass,sent,127.965
148,139.091,1000,drop,drop,-1.000
149,139.175,1000,drop,drop,-1.000
150,139.687,1000,drop,drop,-1.000
151,140.131,1000,pass,sent,127.869
152,140.858,1000,drop,drop,-1.000
153,141.972,1000,drop,drop,-1.000
154,143.251,1000,pass,sent,126.749
155,143.948,1000,drop,drop,-1.000
156,144.687,1000,pass,sent,127.313
157,145.194,1000,drop,drop,-1.000
158,146.763,1000,pass,sent,127.237
159,146.970,1000,drop,drop,-1.000
160,147.401,1000,drop,drop,-1.000
161,148.209,1000,pass,sent,127.791
162,148.294,1000,drop,drop,-1.000
163,148.560,1000,drop,drop,-1.000
164,149.126,1000,drop,drop,-1.000
165,149.767,1000,drop,drop,-1.000
166,150.013,1000,pass,sent,127.987
167,150.925,1000,drop,drop,-1.000
168,155.608,1000,pass,sent,124.392
169,157.938,1000,pass,sent,124.062
170,158.416,1000,pass,sent,125.584
171,159.074,1000,pass,sent,126.926
172,159.418,1000,drop,drop,-1.000
173,160.020,1000,pass,sent,127.980
174,160.392,1000,drop,drop,-1.000
175,160.733,1000,drop,drop,-1.000
176,161.332,1000,drop,drop,-1.000
177,162.357,1000,pass,sent,127.643
178,162.421,1000,drop,drop,-1.000
179,163.136,1000,drop,drop,-1.000
180,163.569,1000,drop,drop,-1.000
181,165.011,1000,pass,sent,126.989
182,165.572,1000,drop,drop,-1.000
183,165.794,1000,drop,drop,-1.000
184,165.795,1000,drop,drop,-1.000
185,166.812,1000,pass,sent,127.188
186,167.129,1000,drop,drop,-1.000
187,167.326,1000,drop,drop,-1.000
188,169.622,1000,pass,sent,126.378
189,171.218,1000,pass,sent,126.782
190,171.743,1000,drop,drop,-1.000
191,171.849,1000,drop,drop,-1.000
192,172.972,1000,pass,sent,127.028
193,176.338,1000,pass,sent,125.662
194,176.654,1000,pass,sent,127.346
195,176.732,1000,drop,drop,-1.000
196,177.732,1000,drop,drop,-1.000
197,178.586,1000,pass,sent,127.414
198,178.782,1000,drop,drop,-1.000
199,180.976,1000,pass,sent,127.024
200,181.567,1000,drop,drop,-1.000
201,181.675,1000,drop,drop,-1.000
202,181.853,1000,drop,drop,-1.000
203,184.263,1000,pass,sent,125.737
204,184.870,1000,pass,sent,127.130
205,186.565,1000,pass,sent,127.435
206,187.106,1000,drop,drop,-1.000
207,187.666,1000,drop,drop,-1.000
208,188.057,1000,pass,sent,127.943
209,188.165,1000,drop,drop,-1.000
210,188.381,1000,drop,drop,-1.000
211,188.656,1000,drop,drop,-1.000
212,190.770,1000,pass,sent,127.230
213,191.357,1000,drop,drop,-1.000
214,191.590,1000,drop,drop,-1.000
215,191.767,1000,drop,drop,-1.000
216,191.957,1000,drop,drop,-1.000
217,192.130,1000,pass,sent,127.870
218,192.261,1000,drop,drop,-1.000
219,192.498,1000,drop,drop,-1.000
220,195.531,1000,pass,sent,126.469
221,196.086,1000,pass,sent,127.914
222,196.586,1000,drop,drop,-1.000
223,196.729,1000,drop,drop,-1.000
224,196.868,1000,drop,drop,-1.000
225,197.378,1000,drop,drop,-1.000
226,197.599,1000,drop,drop,-1.000
227,197.775,1000,drop,drop,-1.000
228,198.183,1000,pass,sent,127.817
229,200.052,1000,pass,sent,127.948
230,201.104,1000,drop,drop,-1.000
231,201.498,1000,drop,drop,-1.000
232,204.105,1000,pass,sent,125.895
233,204.597,1000,pass,sent,127.403
234,205.490,1000,drop,drop,-1.000
235,206.199,1000,pass,sent,127.801
236,206.748,1000,drop,drop,-1.000
237,207.748,1000,drop,drop,-1.000
238,210.477,1000,pass,sent,125.523
239,210.675,1000,pass,sent,127.325
240,211.229,1000,drop,drop,-1.000
241,212.981,1000,pass,sent,127.019
242,214.011,1000,pass,sent,127.989
243,214.095,1000,drop,drop,-1.000
244,215.596,1000,drop,drop,-1.000
245,216.598,1000,pass,sent,127.402
246,218.992,1000,pass,sent,127.008
247,219.255,1000,drop,drop,-1.000
248,221.267,1000,pass,sent,126.733
249,221.511,1000,drop,drop,-1.000
250,222.040,1000,pass,sent,127.960
251,222.577,1000,drop,drop,-1.000
252,223.566,1000,drop,drop,-1.000
253,226.142,1000,pass,sent,125.858
254,227.430,1000,pass,sent,126.570
255,227.765,1000,drop,drop,-1.000
256,227.965,1000,drop,drop,-1.000
257,228.250,1000,pass,sent,127.750
258,228.697,1000,drop,drop,-1.000
259,228.758,1000,drop,drop,-1.000
260,228.926,1000,drop,drop,-1.000
261,228.972,1000,drop,drop,-1.000
262,228.988,1000,drop,drop,-1.000
263,229.589,1000,drop,drop,-1.000
264,229.856,1000,drop,drop,-1.000
265,229.884,1000,drop,drop,-1.000
266,230.326,1000,pass,sent,127.674
267,231.124,1000,drop,drop,-1.000
268,231.314,1000,drop,drop,-1.000
269,232.485,1000,pass,sent,127.515
270,234.043,1000,pass,sent,127.957
271,234.759,1000,drop,drop,-1.000
272,234.836,1000,drop,drop,-1.000
273,234.895,1000,drop,drop,-1.000
274,235.779,1000,drop,drop,-1.000
275,239.453,1000,pass,sent,124.547
276,240.209,1000,pass,sent,125.791
277,240.395,1000,pass,sent,127.605
278,241.735,1000,drop,drop,-1.000
279,241.845,1000,drop,drop,-1.000
280,242.600,1000,pass,sent,127.400
281,244.613,1000,pass,sent,127.387
282,247.115,1000,pass,sent,126.885
283,247.280,1000,drop,drop,-1.000
284,248.794,1000,pass,sent,127.206
285,251.661,1000,pass,sent,126.339
286,252.433,1000,pass,sent,127.567
287,253.702,1000,drop,drop,-1.000
288,253.866,1000,drop,drop,-1.000
289,257.832,1000,pass,sent,124.168
290,257.944,1000,pass,sent,126.056
291,258.106,1000,pass,sent,127.894
292,259.870,1000,drop,drop,-1.000
293,260.491,1000,pass,sent,127.509
294,261.704,1000,drop,drop,-1.000
295,265.178,1000,pass,sent,124.822
296,265.803,1000,pass,sent,126.197
297,265.834,1000,drop,drop,-1.000
298,268.922,1000,pass,sent,125.078
299,270.011,1000,pass,sent,125.989
300,270.618,1000,pass,sent,127.382
301,270.797,1000,drop,drop,-1.000
302,270.906,1000,drop,drop,-1.000
303,271.071,1000,drop,drop,-1.000
304,273.266,1000,pass,sent,126.734
305,273.431,1000,drop,drop,-1.000
306,273.709,1000,drop,drop,-1.000
307,273.878,1000,drop,drop,-1.000
308,274.445,1000,pass,sent,127.555
309,275.401,1000,drop,drop,-1.000
310,275.882,1000,drop,drop,-1.000
311,276.830,1000,pass,sent,127.170
312,277.204,1000,drop,drop,-1.000
313,279.518,1000,pass,sent,126.482
314,280.807,1000,pass,sent,127.193
315,282.025,1000,pass,sent,127.975
316,282.079,1000,drop,drop,-1.000
317,282.210,1000,drop,drop,-1.000
318,282.644,1000,drop,drop,-1.000
319,285.049,1000,pass,sent,126.951
320,285.165,1000,drop,drop,-1.000
321,285.800,1000,drop,drop,-1.000
322,293.278,1000,pass,sent,120.722
323,295.095,1000,pass,sent,120.905
324,296.804,1000,pass,sent,121.196
325,297.680,1000,pass,sent,122.320
326,298.283,1000,pass,sent,123.717
327,300.243,1000,pass,sent,123.757
328,301.218,1000,pass,sent,124.782
329,302.243,1000,pass,sent,125.757
330,302.278,1000,pass,sent,127.722
331,304.653,1000,pass,sent,127.347
332,306.245,1000,pass,sent,127.755
333,306.424,1000,drop,drop,-1.000
334,310.000,1000,pass,sent,126.000
335,310.202,1000,pass,sent,127.798
336,310.371,1000,drop,drop,-1.000
337,311.255,1000,drop,drop,-1.000
338,313.350,1000,pass,sent,126.650
339,314.169,1000,pass,sent,127.831
340,314.224,1000,drop,drop,-1.000
341,317.831,1000,pass,sent,126.169
342,320.688,1000,pass,sent,125.312
343,321.466,1000,pass,sent,126.534
344,321.587,1000,drop,drop,-1.000
345,322.105,1000,pass,sent,127.895
346,323.904,1000,drop,drop,-1.000
347,326.474,1000,pass,sent,125.526
348,326.618,1000,pass,sent,127.382
349,326.702,1000,drop,drop,-1.000
350,327.551,1000,drop,drop,-1.000
351,327.772,1000,drop,drop,-1.000
352,327.869,1000,drop,drop,-1.000
353,328.951,1000,pass,sent,127.049
354,329.693,1000,drop,drop,-1.000
355,330.185,1000,pass,sent,127.815
356,331.310,1000,drop,drop,-1.000
357,332.092,1000,pass,sent,127.908
358,332.114,1000,drop,drop,-1.000
359,332.748,1000,drop,drop,-1.000
360,334.112,1000,pass,sent,127.888
361,335.948,1000,drop,drop,-1.000
362,336.138,1000,pass,sent,127.862
363,336.835,1000,drop,drop,-1.000
364,337.674,1000,drop,drop,-1.000
365,337.705,1000,drop,drop,-1.000
366,338.220,1000,pass,sent,127.780
367,339.861,1000,drop,drop,-1.000
368,339.932,1000,drop,drop,-1.000
369,342.825,1000,pass,sent,125.175
370,343.466,1000,pass,sent,126.534
371,343.899,1000,drop,drop,-1.000
372,345.934,1000,pass,sent,126.066
373,346.473,1000,pass,sent,127.527
374,347.390,1000,drop,drop,-1.000
375,348.709,1000,pass,sent,127.291
376,350.687,1000,pass,sent,127.313
377,351.305,1000,drop,drop,-1.000
378,352.500,1000,pass,sent,127.500
379,352.520,1000,drop,drop,-1.000
380,353.011,1000,drop,drop,-1.000
381,353.586,1000,drop,drop,-1.000
382,353.706,1000,drop,drop,-1.000
383,355.427,1000,pass,sent,126.573
384,355.894,1000,drop,drop,-1.000
385,356.062,1000,pass,sent,127.938
386,356.116,1000,drop,drop,-1.000
387,356.337,1000,drop,drop,-1.000
388,357.205,1000,drop,drop,-1.000
389,358.214,1000,pass,sent,127.786
390,359.239,1000,drop,drop,-1.000
391,359.691,1000,drop,drop,-1.000
392,359.814,1000,drop,drop,-1.000
393,361.414,1000,pass,sent,126.586
394,362.157,1000,pass,sent,127.843
395,363.635,1000,drop,drop,-1.000
396,368.993,1000,pass,sent,123.007
397,369.612,1000,pass,sent,124.388
398,370.835,1000,pass,sent,125.165
399,370.960,1000,pass,sent,127.040
400,371.375,1000,drop,drop,-1.000
401,372.585,1000,pass,sent,127.415
402,373.677,1000,drop,drop,-1.000
403,374.177,1000,pass,sent,127.823
404,374.583,1000,drop,drop,-1.000
405,374.884,1000,drop,drop,-1.000
406,375.438,1000,drop,drop,-1.000
407,376.256,1000,pass,sent,127.744
408,376.740,1000,drop,drop,-1.000
409,378.205,1000,pass,sent,127.795
410,378.866,1000,drop,drop,-1.000
411,380.734,1000,pass,sent,127.266
412,381.183,1000,drop,drop,-1.000
413,381.443,1000,drop,drop,-1.000
414,382.333,1000,pass,sent,127.667
415,383.490,1000,drop,drop,-1.000
416,384.490,1000,pass,sent,127.510
417,385.182,1000,drop,drop,-1.000
418,385.499,1000,drop,drop,-1.000
419,386.059,1000,pass,sent,127.941
420,387.188,1000,drop,drop,-1.000
421,387.521,1000,drop,drop,-1.000
422,387.738,1000,drop,drop,-1.000
423,388.836,1000,pass,sent,127.164
424,389.156,1000,drop,drop,-1.000
425,391.946,1000,pass,sent,126.054
426,392.045,1000,pass,sent,127.955
427,394.669,1000,pass,sent,127.331
428,395.031,1000,drop,drop,-1.000
429,396.788,1000,pass,sent,127.212
430,397.816,1000,drop,drop,-1.000
431,399.688,1000,pass,sent,126.312
432,401.303,1000,pass,sent,126.697
433,403.435,1000,pass,sent,126.565
434,403.643,1000,drop,drop,-1.000
435,403.730,1000,drop,drop,-1.000
436,404.188,1000,pass,sent,127.812
437,404.516,1000,drop,drop,-1.000
438,404.793,1000,drop,drop,-1.000
439,405.173,1000,drop,drop,-1.000
440,405.409,1000,drop,drop,-1.000
441,407.046,1000,pass,sent,126.954
442,407.653,1000,drop,drop,-1.000
443,407.822,1000,drop,drop,-1.000
444,408.306,1000,pass,sent,127.694
445,408.836,1000,drop,drop,-1.000
446,411.149,1000,pass,sent,126.851
447,412.120,1000,pass,sent,127.880
448,416.954,1000,pass,sent,125.046
449,419.865,1000,pass,sent,124.135
450,422.809,1000,pass,sent,123.191
451,423.789,1000,pass,sent,124.211
452,426.366,1000,pass,sent,123.634
453,426.857,1000,pass,sent,125.143
454,427.159,1000,pass,sent,126.841
455,427.990,1000,drop,drop,-1.000
456,428.291,1000,pass,sent,127.709
457,428.847,1000,drop,drop,-1.000
458,431.074,1000,pass,sent,126.926
459,431.730,1000,drop,drop,-1.000
460,432.648,1000,pass,sent,127.352
461,433.341,1000,drop,drop,-1.000
462,434.096,1000,pass,sent,127.904
463,435.510,1000,drop,drop,-1.000
464,436.333,1000,pass,sent,127.667
465,439.305,1000,pass,sent,126.695
466,440.151,1000,pass,sent,127.849
467,441.892,1000,drop,drop,-1.000
468,443.242,1000,pass,sent,126.758
469,443.298,1000,drop,drop,-1.000
470,444.103,1000,pass,sent,127.897
471,444.469,1000,drop,drop,-1.000
472,445.337,1000,drop,drop,-1.000
473,446.605,1000,pass,sent,127.395
474,447.053,1000,drop,drop,-1.000
475,448.308,1000,pass,sent,127.692
476,449.339,1000,drop,drop,-1.000
477,449.462,1000,drop,drop,-1.000
478,449.559,1000,drop,drop,-1.000
479,451.396,1000,pass,sent,126.604
480,452.352,1000,pass,sent,127.648
481,452.908,1000,drop,drop,-1.000
482,455.499,1000,pass,sent,126.501
483,458.346,1000,pass,sent,125.654
484,458.851,1000,pass,sent,127.149
485,459.532,1000,drop,drop,-1.000
486,459.741,1000,drop,drop,-1.000
487,459.876,1000,drop,drop,-1.000
488,462.095,1000,pass,sent,125.905
489,463.337,1000,pass,sent,126.663
490,464.861,1000,pass,sent,127.139
491,466.020,1000,pass,sent,127.980
492,466.133,1000,drop,drop,-1.000
493,467.149,1000,drop,drop,-1.000
494,467.179,1000,drop,drop,-1.000
495,468.249,1000,pass,sent,127.751
496,469.319,1000,drop,drop,-1.000
497,470.383,1000,pass,sent,127.617
498,471.009,1000,drop,drop,-1.000
499,471.948,1000,drop,drop,-1.000
500,473.688,1000,pass,sent,126.312
501,475.492,1000,pass,sent,126.508
502,475.913,1000,drop,drop,-1.000
503,476.128,1000,pass,sent,127.872
504,476.901,1000,drop,drop,-1.000
505,477.108,1000,drop,drop,-1.000
506,478.251,1000,pass,sent,127.749
507,478.366,1000,drop,drop,-1.000
508,479.028,1000,drop,drop,-1.000
509,479.372,1000,drop,drop,-1.000
510,480.192,1000,pass,sent,127.808
511,481.446,1000,drop,drop,-1.000
512,481.563,1000,drop,drop,-1.000
513,481.652,1000,drop,drop,-1.000
514,482.316,1000,pass,sent,127.684
515,482.675,1000,drop,drop,-1.000
516,484.830,1000,pass,sent,127.170
517,485.790,1000,drop,drop,-1.000
518,486.024,1000,pass,sent,127.976
519,486.510,1000,drop,drop,-1.000
520,486.735,1000,drop,drop,-1.000
521,487.229,1000,drop,drop,-1.000
522,488.096,1000,pass,sent,127.904
523,488.707,1000,drop,drop,-1.000
524,488.962,1000,drop,drop,-1.000
525,489.338,1000,drop,drop,-1.000
526,489.533,1000,drop,drop,-1.000
527,490.213,1000,pass,sent,127.787
528,491.252,1000,drop,drop,-1.000
529,494.641,1000,pass,sent,125.359
530,494.864,1000,pass,sent,127.136
531,496.554,1000,pass,sent,127.446
532,498.110,1000,pass,sent,127.890
533,498.382,1000,drop,drop,-1.000
534,499.807,1000,drop,drop,-1.000
535,501.039,1000,pass,sent,126.961
536,502.716,1000,pass,sent,127.284
537,503.407,1000,drop,drop,-1.000
538,503.906,1000,drop,drop,-1.000
539,504.933,1000,pass,sent,127.067
540,505.481,1000,drop,drop,-1.000
541,506.826,1000,pass,sent,127.174
542,506.837,1000,drop,drop,-1.000
543,507.354,1000,drop,drop,-1.000
544,507.544,1000,drop,drop,-1.000
545,510.186,1000,pass,sent,125.814
546,510.292,1000,pass,sent,127.708
547,514.274,1000,pass,sent,125.726
548,514.871,1000,pass,sent,127.129
549,515.310,1000,drop,drop,-1.000
550,518.109,1000,pass,sent,125.891
551,518.429,1000,pass,sent,127.571
552,519.587,1000,drop,drop,-1.000
553,519.735,1000,drop,drop,-1.000
554,520.297,1000,pass,sent,127.703
555,520.546,1000,drop,drop,-1.000
556,521.186,1000,drop,drop,-1.000
557,521.923,1000,drop,drop,-1.000
558,522.001,1000,pass,sent,127.999
559,522.644,1000,drop,drop,-1.000
560,524.390,1000,pass,sent,127.610
561,525.701,1000,drop,drop,-1.000
562,525.816,1000,drop,drop,-1.000
563,525.921,1000,drop,drop,-1.000
564,526.260,1000,pass,sent,127.740
565,527.835,1000,drop,drop,-1.000
566,527.899,1000,drop,drop,-1.000
567,528.223,1000,pass,sent,127.777
568,530.413,1000,pass,sent,127.587
569,530.817,1000,drop,drop,-1.000
570,534.174,1000,pass,sent,125.826
571,535.671,1000,pass,sent,126.329
572,536.703,1000,pass,sent,127.297
573,536.909,1000,drop,drop,-1.000
574,537.307,1000,drop,drop,-1.000
575,540.688,1000,pass,sent,125.312
576,540.689,1000,pass,sent,127.311
577,541.162,1000,drop,drop,-1.000
578,542.562,1000,pass,sent,127.438
579,544.134,1000,pass,sent,127.866
580,545.844,1000,drop,drop,-1.000
581,547.183,1000,pass,sent,126.817
582,547.952,1000,drop,drop,-1.000
583,548.089,1000,pass,sent,127.911
584,548.860,1000,drop,drop,-1.000
585,550.087,1000,pass,sent,127.913
586,550.823,1000,drop,drop,-1.000
587,552.853,1000,pass,sent,127.147
588,554.179,1000,pass,sent,127.821
589,555.246,1000,drop,drop,-1.000
590,560.288,1000,pass,sent,123.712
591,560.889,1000,pass,sent,125.111
592,561.920,1000,pass,sent,126.080
593,562.459,1000,pass,sent,127.541
594,562.846,1000,drop,drop,-1.000
595,564.558,1000,pass,sent,127.442
596,565.037,1000,drop,drop,-1.000
597,565.172,1000,drop,drop,-1.000
598,565.932,1000,drop,drop,-1.000
599,566.564,1000,pass,sent,127.436
600,567.428,1000,drop,drop,-1.000
601,567.671,1000,drop,drop,-1.000
602,568.210,1000,pass,sent,127.790
603,569.633,1000,drop,drop,-1.000
604,571.610,1000,pass,sent,126.390
605,572.201,1000,pass,sent,127.799
606,572.401,1000,drop,drop,-1.000
607,573.187,1000,drop,drop,-1.000
608,573.749,1000,drop,drop,-1.000
609,574.175,1000,pass,sent,127.825
610,574.492,1000,drop,drop,-1.000
611,576.227,1000,pass,sent,127.773
612,576.528,1000,drop,drop,-1.000
613,577.602,1000,drop,drop,-1.000
614,578.009,1000,pass,sent,127.991
615,578.454,1000,drop,drop,-1.000
616,579.443,1000,drop,drop,-1.000
617,580.938,1000,pass,sent,127.062
618,582.667,1000,pass,sent,127.333
619,582.698,1000,drop,drop,-1.000
620,583.402,1000,drop,drop,-1.000
621,583.460,1000,drop,drop,-1.000
622,583.734,1000,drop,drop,-1.000
623,584.035,1000,pass,sent,127.965
624,584.343,1000,drop,drop,-1.000
625,584.807,1000,drop,drop,-1.000
626,585.631,1000,drop,drop,-1.000
627,587.557,1000,pass,sent,126.443
628,587.647,1000,drop,drop,-1.000
629,589.202,1000,pass,sent,126.798
630,590.333,1000,pass,sent,127.667
631,592.753,1000,pass,sent,127.247
632,592.810,1000,drop,drop,-1.000
633,593.383,1000,drop,drop,-1.000
634,595.423,1000,pass,sent,126.577
635,595.644,1000,drop,drop,-1.000
636,596.720,1000,pass,sent,127.280
637,599.174,1000,pass,sent,126.826
638,600.227,1000,pass,sent,127.773
639,600.467,1000,drop,drop,-1.000
640,600.758,1000,drop,drop,-1.000
641,601.150,1000,drop,drop,-1.000
642,602.405,1000,pass,sent,127.595
643,603.047,1000,drop,drop,-1.000
644,603.576,1000,drop,drop,-1.000
645,605.457,1000,pass,sent,126.543
646,606.226,1000,pass,sent,127.774
647,606.472,1000,drop,drop,-1.000
648,607.244,1000,drop,drop,-1.000
649,607.970,1000,drop,drop,-1.000
650,609.038,1000,pass,sent,126.962
651,609.629,1000,drop,drop,-1.000
652,609.795,1000,drop,drop,-1.000
653,610.327,1000,pass,sent,127.673
654,611.262,1000,drop,drop,-1.000
655,611.662,1000,drop,drop,-1.000
656,611.734,1000,drop,drop,-1.000
657,612.000,1000,drop,drop,-1.000
658,612.783,1000,pass,sent,127.217
659,614.330,1000,pass,sent,127.670
660,614.699,1000,drop,drop,-1.000
661,615.081,1000,drop,drop,-1.000
662,619.012,1000,pass,sent,124.988
663,619.858,1000,pass,sent,126.142
664,620.075,1000,pass,sent,127.925
665,620.339,1000,drop,drop,-1.000
666,620.847,1000,drop,drop,-1.000
667,624.593,1000,pass,sent,125.407
668,624.748,1000,pass,sent,127.252
669,625.493,1000,drop,drop,-1.000
670,625.681,1000,drop,drop,-1.000
671,627.275,1000,pass,sent,126.725
672,627.684,1000,drop,drop,-1.000
673,628.933,1000,pass,sent,127.067
674,629.178,1000,drop,drop,-1.000
675,629.788,1000,drop,drop,-1.000
676,630.066,1000,pass,sent,127.934
677,630.555,1000,drop,drop,-1.000
678,630.597,1000,drop,drop,-1.000
679,632.973,1000,pass,sent,127.027
680,633.668,1000,drop,drop,-1.000
681,633.727,1000,drop,drop,-1.000
682,634.924,1000,pass,sent,127.076
683,636.128,1000,pass,sent,127.872
684,637.436,1000,drop,drop,-1.000
685,637.550,1000,drop,drop,-1.000
686,641.865,1000,pass,sent,124.135
687,642.770,1000,pass,sent,125.230
688,642.947,1000,pass,sent,127.053
689,643.553,1000,drop,drop,-1.000
690,645.415,1000,pass,sent,126.585
691,646.376,1000,pass,sent,127.624
692,646.600,1000,drop,drop,-1.000
693,647.220,1000,drop,drop,-1.000
694,647.338,1000,drop,drop,-1.000
695,648.554,1000,pass,sent,127.446
696,649.162,1000,drop,drop,-1.000
697,649.930,1000,drop,drop,-1.000
698,651.520,1000,pass,sent,126.480
699,652.869,1000,pass,sent,127.131
700,653.136,1000,drop,drop,-1.000
701,654.018,1000,pass,sent,127.982
702,655.055,1000,drop,drop,-1.000
703,655.905,1000,drop,drop,-1.000
704,656.534,1000,pass,sent,127.466
705,657.140,1000,drop,drop,-1.000
706,657.193,1000,drop,drop,-1.000
707,657.216,1000,drop,drop,-1.000
708,658.252,1000,pass,sent,127.748
709,659.189,1000,drop,drop,-1.000
710,660.818,1000,pass,sent,127.182
711,661.691,1000,drop,drop,-1.000
712,663.054,1000,pass,sent,126.946
713,663.152,1000,drop,drop,-1.000
714,663.315,1000,drop,drop,-1.000
715,663.476,1000,drop,drop,-1.000
716,663.763,1000,drop,drop,-1.000
717,663.840,1000,drop,drop,-1.000
718,664.304,1000,pass,sent,127.696
719,664.356,1000,drop,drop,-1.000
720,664.393,1000,drop,drop,-1.000
721,665.019,1000,drop,drop,-1.000
722,665.708,1000,drop,drop,-1.000
723,668.871,1000,pass,sent,125.129
724,672.769,1000,pass,sent,123.231
725,673.023,1000,pass,sent,124.977
726,673.882,1000,pass,sent,126.118
727,674.191,1000,pass,sent,127.809
728,674.230,1000,drop,drop,-1.000
729,674.278,1000,drop,drop,-1.000
730,675.285,1000,drop,drop,-1.000
731,675.685,1000,drop,drop,-1.000
732,675.800,1000,drop,drop,-1.000
733,676.480,1000,pass,sent,127.520
734,679.173,1000,pass,sent,126.827
735,679.759,1000,drop,drop,-1.000
736,683.024,1000,pass,sent,124.976
737,683.439,1000,pass,sent,126.561
738,684.432,1000,pass,sent,127.568
739,684.691,1000,drop,drop,-1.000
740,684.790,1000,drop,drop,-1.000
741,687.501,1000,pass,sent,126.499
742,689.208,1000,pass,sent,126.792
743,691.042,1000,pass,sent,126.958
744,695.688,1000,pass,sent,124.312
745,696.731,1000,pass,sent,125.269
746,699.256,1000,pass,sent,124.744
747,700.804,1000,pass,sent,125.196
748,700.854,1000,pass,sent,127.146
749,702.518,1000,pass,sent,127.482
750,703.324,1000,drop,drop,-1.000
751,703.484,1000,drop,drop,-1.000
752,704.665,1000,pass,sent,127.335
753,704.800,1000,drop,drop,-1.000
754,704.974,1000,drop,drop,-1.000
755,704.999,1000,drop,drop,-1.000
756,705.246,1000,drop,drop,-1.000
757,705.595,1000,drop,drop,-1.000
758,705.816,1000,drop,drop,-1.000
759,706.477,1000,pass,sent,127.523
760,707.184,1000,drop,drop,-1.000
761,708.874,1000,pass,sent,127.126
762,709.258,1000,drop,drop,-1.000
763,710.160,1000,pass,sent,127.840
764,710.559,1000,drop,drop,-1.000
765,711.547,1000,drop,drop,-1.000
766,713.804,1000,pass,sent,126.196
767,714.268,1000,pass,sent,127.732
768,714.749,1000,drop,drop,-1.000
769,714.982,1000,drop,drop,-1.000
770,715.765,1000,drop,drop,-1.000
771,715.804,1000,drop,drop,-1.000
772,715.885,1000,drop,drop,-1.000
773,720.475,1000,pass,sent,123.525
774,720.975,1000,pass,sent,125.025
775,721.927,1000,pass,sent,126.073
776,723.370,1000,pass,sent,126.630
777,724.454,1000,pass,sent,127.546
778,725.287,1000,drop,drop,-1.000
779,727.044,1000,pass,sent,126.956
780,727.777,1000,drop,drop,-1.000
781,729.419,1000,pass,sent,126.581
782,730.892,1000,pass,sent,127.108
783,734.333,1000,pass,sent,125.667
784,735.915,1000,pass,sent,126.085
785,737.292,1000,pass,sent,126.708
786,737.509,1000,drop,drop,-1.000
787,738.188,1000,pass,sent,127.812
788,740.525,1000,pass,sent,127.475
789,743.035,1000,pass,sent,126.965
790,743.079,1000,drop,drop,-1.000
791,743.281,1000,drop,drop,-1.000
792,744.123,1000,pass,sent,127.877
793,745.531,1000,drop,drop,-1.000
794,749.098,1000,pass,sent,124.902
795,749.987,1000,pass,sent,126.013
796,750.908,1000,pass,sent,127.092
797,751.498,1000,drop,drop,-1.000
798,756.923,1000,pass,sent,123.077
799,757.721,1000,pass,sent,124.279
800,757.832,1000,pass,sent,126.168
801,758.514,1000,pass,sent,127.486
802,761.235,1000,pass,sent,126.765
803,761.958,1000,drop,drop,-1.000
804,762.202,1000,pass,sent,127.798
805,763.089,1000,drop,drop,-1.000
806,763.737,1000,drop,drop,-1.000
807,765.505,1000,pass,sent,126.495
808,765.704,1000,drop,drop,-1.000
809,768.811,1000,pass,sent,125.189
810,769.678,1000,pass,sent,126.322
811,769.826,1000,drop,drop,-1.000
812,770.024,1000,pass,sent,127.976
813,771.076,1000,drop,drop,-1.000
814,771.288,1000,drop,drop,-1.000
815,771.760,1000,drop,drop,-1.000
816,775.150,1000,pass,sent,124.850
817,776.052,1000,pass,sent,125.948
818,777.636,1000,pass,sent,126.364
819,780.864,1000,pass,sent,125.136
820,783.374,1000,pass,sent,124.626
821,785.598,1000,pass,sent,124.402
822,785.970,1000,pass,sent,126.030
823,787.180,1000,pass,sent,126.820
824,787.622,1000,drop,drop,-1.000
825,787.699,1000,drop,drop,-1.000
826,787.829,1000,drop,drop,-1.000
827,788.431,1000,pass,sent,127.569
828,788.623,1000,drop,drop,-1.000
829,789.555,1000,drop,drop,-1.000
830,792.426,1000,pass,sent,125.574
831,793.528,1000,pass,sent,126.472
832,794.160,1000,pass,sent,127.840
833,794.500,1000,drop,drop,-1.000
834,795.430,1000,drop,drop,-1.000
835,797.836,1000,pass,sent,126.164
836,799.426,1000,pass,sent,126.574
837,799.615,1000,drop,drop,-1.000
838,801.775,1000,pass,sent,126.225
839,802.459,1000,pass,sent,127.541
840,804.819,1000,pass,sent,127.181
841,806.117,1000,pass,sent,127.883
842,806.393,1000,drop,drop,-1.000
843,807.061,1000,drop,drop,-1.000
844,807.455,1000,drop,drop,-1.000
845,808.303,1000,pass,sent,127.697
846,808.610,1000,drop,drop,-1.000
847,810.592,1000,pass,sent,127.408
848,811.372,1000,drop,drop,-1.000
849,812.057,1000,pass,sent,127.943
850,812.939,1000,drop,drop,-1.000
851,815.236,1000,pass,sent,126.764
852,818.037,1000,pass,sent,125.963
853,818.045,1000,pass,sent,127.955
854,818.402,1000,drop,drop,-1.000
855,818.835,1000,drop,drop,-1.000
856,821.085,1000,pass,sent,126.915
857,821.279,1000,drop,drop,-1.000
858,822.393,1000,pass,sent,127.607
859,823.258,1000,drop,drop,-1.000
860,824.318,1000,pass,sent,127.682
861,824.866,1000,drop,drop,-1.000
862,825.747,1000,drop,drop,-1.000
863,826.060,1000,pass,sent,127.940
864,826.797,1000,drop,drop,-1.000
865,827.337,1000,drop,drop,-1.000
866,828.358,1000,pass,sent,127.642
867,830.341,1000,pass,sent,127.659
868,831.113,1000,drop,drop,-1.000
869,833.062,1000,pass,sent,126.938
870,833.198,1000,drop,drop,-1.000
871,836.716,1000,pass,sent,125.284
872,838.324,1000,pass,sent,125.676
873,838.490,1000,pass,sent,127.510
874,839.462,1000,drop,drop,-1.000
875,841.279,1000,pass,sent,126.721
876,841.486,1000,drop,drop,-1.000
877,842.004,1000,pass,sent,127.996
878,842.698,1000,drop,drop,-1.000
879,843.856,1000,drop,drop,-1.000
880,848.049,1000,pass,sent,123.951
881,848.307,1000,pass,sent,125.693
882,848.729,1000,pass,sent,127.271
883,849.158,1000,drop,drop,-1.000
884,851.790,1000,pass,sent,126.210
885,852.377,1000,pass,sent,127.623
886,852.541,1000,drop,drop,-1.000
887,854.528,1000,pass,sent,127.472
888,854.849,1000,drop,drop,-1.000
889,855.123,1000,drop,drop,-1.000
890,855.623,1000,drop,drop,-1.000
891,855.777,1000,drop,drop,-1.000
892,856.850,1000,pass,sent,127.150
893,857.161,1000,drop,drop,-1.000
894,861.054,1000,pass,sent,124.946
895,861.354,1000,pass,sent,126.646
896,861.466,1000,drop,drop,-1.000
897,861.660,1000,drop,drop,-1.000
898,862.277,1000,pass,sent,127.723
899,862.397,1000,drop,drop,-1.000
900,864.011,1000,pass,sent,127.989
901,864.813,1000,drop,drop,-1.000
902,865.779,1000,drop,drop,-1.000
903,868.324,1000,pass,sent,125.676
904,869.099,1000,pass,sent,126.901
905,869.563,1000,drop,drop,-1.000
906,871.094,1000,pass,sent,126.906
907,872.832,1000,pass,sent,127.168
908,872.981,1000,drop,drop,-1.000
909,873.576,1000,drop,drop,-1.000
910,874.522,1000,pass,sent,127.478
911,874.838,1000,drop,drop,-1.000
912,875.074,1000,drop,drop,-1.000
913,875.539,1000,drop,drop,-1.000
914,875.754,1000,drop,drop,-1.000
915,876.024,1000,pass,sent,127.976
916,876.845,1000,drop,drop,-1.000
917,877.921,1000,drop,drop,-1.000
918,879.491,1000,pass,sent,126.509
919,882.543,1000,pass,sent,125.457
920,883.012,1000,pass,sent,126.988
921,884.179,1000,pass,sent,127.821
922,884.410,1000,drop,drop,-1.000
923,884.543,1000,drop,drop,-1.000
924,885.998,1000,drop,drop,-1.000
925,886.514,1000,pass,sent,127.486
926,887.841,1000,drop,drop,-1.000
927,888.885,1000,pass,sent,127.115
928,889.103,1000,drop,drop,-1.000
929,890.729,1000,pass,sent,127.271
930,891.350,1000,drop,drop,-1.000
931,891.459,1000,drop,drop,-1.000
932,892.405,1000,pass,sent,127.595
933,895.132,1000,pass,sent,126.868
934,896.647,1000,pass,sent,127.353
935,896.659,1000,drop,drop,-1.000
936,897.335,1000,drop,drop,-1.000
937,899.596,1000,pass,sent,126.404
938,900.776,1000,pass,sent,127.224
939,902.016,1000,pass,sent,127.984
940,902.760,1000,drop,drop,-1.000
941,904.879,1000,pass,sent,127.121
942,905.271,1000,drop,drop,-1.000
943,905.455,1000,drop,drop,-1.000
944,906.192,1000,pass,sent,127.808
945,906.406,1000,drop,drop,-1.000
946,907.973,1000,drop,drop,-1.000
947,908.592,1000,pass,sent,127.408
948,909.452,1000,drop,drop,-1.000
949,909.573,1000,drop,drop,-1.000
950,909.958,1000,drop,drop,-1.000
951,911.371,1000,pass,sent,126.629
952,911.680,1000,drop,drop,-1.000
953,912.687,1000,pass,sent,127.313
954,914.477,1000,pass,sent,127.523
955,916.407,1000,pass,sent,127.593
956,917.154,1000,drop,drop,-1.000
957,917.808,1000,drop,drop,-1.000
958,919.185,1000,pass,sent,126.815
959,919.426,1000,drop,drop,-1.000
960,921.972,1000,pass,sent,126.028
961,922.821,1000,pass,sent,127.179
962,923.187,1000,drop,drop,-1.000
963,923.410,1000,drop,drop,-1.000
964,924.264,1000,pass,sent,127.736
965,924.592,1000,drop,drop,-1.000
966,924.985,1000,drop,drop,-1.000
967,925.002,1000,drop,drop,-1.000
968,927.248,1000,pass,sent,126.752
969,927.658,1000,drop,drop,-1.000
970,927.794,1000,drop,drop,-1.000
971,933.501,1000,pass,sent,122.499
972,934.080,1000,pass,sent,123.920
973,934.865,1000,pass,sent,125.135
974,935.797,1000,pass,sent,126.203
975,936.004,1000,pass,sent,127.996
976,938.429,1000,pass,sent,127.571
977,938.470,1000,drop,drop,-1.000
978,938.521,1000,drop,drop,-1.000
979,938.535,1000,drop,drop,-1.000
980,939.840,1000,drop,drop,-1.000
981,940.377,1000,pass,sent,127.623
982,942.361,1000,pass,sent,127.639
983,942.452,1000,drop,drop,-1.000
984,943.784,1000,drop,drop,-1.000
985,944.254,1000,pass,sent,127.746
986,945.537,1000,drop,drop,-1.000
987,947.433,1000,pass,sent,126.567
988,947.772,1000,drop,drop,-1.000
989,949.429,1000,pass,sent,126.571
990,949.530,1000,drop,drop,-1.000
991,949.675,1000,drop,drop,-1.000
992,950.139,1000,pass,sent,127.861
993,950.908,1000,drop,drop,-1.000
994,950.979,1000,drop,drop,-1.000
995,951.908,1000,drop,drop,-1.000
996,953.476,1000,pass,sent,126.524
997,953.542,1000,drop,drop,-1.000
998,954.265,1000,pass,sent,127.735
999,954.445,1000,drop,drop,-1.000
